epoch #,train,test
0,38.212922,62.658669
1,61.893145,74.227411
2,70.934602,81.511435
3,75.554579,84.285791
4,78.809322,85.892561
5,81.077641,87.156553
6,82.701982,87.504686
