epoch #,train,test
0,1.732734,1.116833
1,1.124177,0.729042
2,0.872292,0.552741
3,0.728760,0.483353
4,0.628176,0.420348
5,0.565473,0.387930
6,0.512922,0.374804
